"","lane","study","species","gene"
"8","26141_1_134","DASSIM","e_coli","CatB3"
"34","26141_1_136","DASSIM","e_coli","CatB3"
"61","26141_1_138","DASSIM","e_coli","CatA1"
"90","26141_1_140","DASSIM","e_coli","CatB4"
"106","26141_1_141","DASSIM","e_coli","CatA1"
"167","26141_1_145","DASSIM","e_coli","CatB3"
"212","26141_1_148","DASSIM","e_coli","CatA1"
"230","26141_1_149","DASSIM","e_coli","CatA1"
"231","26141_1_149","DASSIM","e_coli","CatB4"
"257","26141_1_151","DASSIM","e_coli","CatB4"
"272","26141_1_152","DASSIM","e_coli","CatB4"
"302","26141_1_154","DASSIM","e_coli","CmlA1"
"313","26141_1_155","DASSIM","e_coli","CatA1"
"343","26141_1_157","DASSIM","e_coli","CatB4"
"361","26141_1_158","DASSIM","e_coli","CatA1"
"377","26141_1_159","DASSIM","e_coli","CatB4"
"411","26141_1_161","DASSIM","e_coli","CatB4"
"428","26141_1_162","DASSIM","e_coli","CatA1"
"429","26141_1_162","DASSIM","e_coli","CatB4"
"447","26141_1_164","DASSIM","e_coli","CatB3"
"464","26141_1_165","DASSIM","e_coli","CatB3"
"505","26141_1_169","DASSIM","e_coli","CatB4"
"523","26141_1_170","DASSIM","e_coli","CatB4"
"544","26141_1_171","DASSIM","e_coli","CatB4"
"600","26141_1_175","DASSIM","e_coli","CmlA1"
"637","26141_1_178","DASSIM","e_coli","CatB4"
"682","26141_1_181","DASSIM","e_coli","CatB4"
"727","26141_1_184","DASSIM","e_coli","CmlA1"
"780","26141_1_189","DASSIM","e_coli","CatA1"
"781","26141_1_189","DASSIM","e_coli","CatB4"
"799","26141_1_190","DASSIM","e_coli","CatA1"
"800","26141_1_190","DASSIM","e_coli","CatB4"
"881","26141_1_196","DASSIM","e_coli","CmlA1"
"952","26141_1_201","DASSIM","e_coli","CatB4"
"995","26141_1_204","DASSIM","e_coli","CatB3"
"1012","26141_1_205","DASSIM","e_coli","CatB3"
"1029","26141_1_206","DASSIM","e_coli","CatA1"
"1030","26141_1_206","DASSIM","e_coli","CatB4"
"1047","26141_1_207","DASSIM","e_coli","CatA1"
"1077","26141_1_209","DASSIM","e_coli","CatB4"
"1094","26141_1_210","DASSIM","e_coli","CatA1"
"1095","26141_1_210","DASSIM","e_coli","CatB4"
"1125","26141_1_212","DASSIM","e_coli","CatB3"
"1153","26141_1_214","DASSIM","e_coli","CatA1"
"1193","26141_1_218","DASSIM","e_coli","CatA1"
"1211","26141_1_219","DASSIM","e_coli","CatA1"
"1212","26141_1_219","DASSIM","e_coli","CatB4"
"1243","26141_1_221","DASSIM","e_coli","CatB4"
"1260","26141_1_222","DASSIM","e_coli","CatB4"
"1277","26141_1_223","DASSIM","e_coli","CatB4"
"1381","26141_1_232","DASSIM","e_coli","CatA1"
"1382","26141_1_232","DASSIM","e_coli","CatB4"
"1400","26141_1_236","DASSIM","e_coli","CatA1"
"1435","26141_1_240","DASSIM","e_coli","CatA2"
"1436","26141_1_240","DASSIM","e_coli","CatB4"
"1437","26141_1_240","DASSIM","e_coli","CmlA5"
"1470","26141_1_242","DASSIM","e_coli","CatB4"
"1502","26141_1_244","DASSIM","e_coli","CatB4"
"1535","26141_1_247","DASSIM","e_coli","CatB4"
"1552","26141_1_248","DASSIM","e_coli","CatB3"
"1568","26141_1_250","DASSIM","e_coli","CatA1"
"1586","26141_1_251","DASSIM","e_coli","CatA1"
"1602","26141_1_252","DASSIM","e_coli","CatA1"
"1611","26141_1_253","DASSIM","e_coli","CmlA1"
"1622","26141_1_254","DASSIM","e_coli","CatB4"
"1638","26141_1_255","DASSIM","e_coli","CatB4"
"1655","26141_1_256","DASSIM","e_coli","CatB3"
"1683","26141_1_258","DASSIM","e_coli","CatB4"
"1700","26141_1_259","DASSIM","e_coli","CmlA1"
"1779","26141_1_266","DASSIM","e_coli","CmlA1"
"1790","26141_1_267","DASSIM","e_coli","CatA1"
"1791","26141_1_267","DASSIM","e_coli","CatB4"
"1809","26141_1_268","DASSIM","e_coli","CatA1"
"1810","26141_1_268","DASSIM","e_coli","CatB4"
"1828","26141_1_270","DASSIM","e_coli","CatB4"
"1864","26141_1_272","DASSIM","e_coli","CatB4"
"1881","26141_1_273","DASSIM","e_coli","CatB4"
"1898","26141_1_274","DASSIM","e_coli","CatB3"
"1935","26141_1_277","DASSIM","e_coli","CatB4"
"1944","26141_1_278","DASSIM","e_coli","CatB4"
"1960","26141_1_279","DASSIM","e_coli","CatB4"
"1976","26141_1_280","DASSIM","e_coli","CatB4"
"2002","26141_1_283","DASSIM","e_coli","CmlA1"
"2035","26141_1_285","DASSIM","e_coli","CatB4"
"2055","26141_1_286","DASSIM","e_coli","CatB4"
"2072","26141_1_287","DASSIM","e_coli","CmlA1"
"2099","26141_1_289","DASSIM","e_coli","CmlA1"
"2115","26141_1_290","DASSIM","e_coli","CatA1"
"2116","26141_1_290","DASSIM","e_coli","CatB4"
"2131","26141_1_291","DASSIM","e_coli","CatA1"
"2160","26141_1_293","DASSIM","e_coli","CatA1"
"2161","26141_1_293","DASSIM","e_coli","CatB4"
"2191","26141_1_296","DASSIM","e_coli","CatA1"
"2192","26141_1_296","DASSIM","e_coli","CatB4"
"2210","26141_1_297","DASSIM","e_coli","CatA1"
"2224","26141_1_298","DASSIM","e_coli","CatA1"
"2242","26141_1_299","DASSIM","e_coli","CatB4"
"2260","28099_1_1","DASSIM","e_coli","CatA1"
"2277","28099_1_2","DASSIM","e_coli","CatB4"
"2297","28099_1_7","DASSIM","e_coli","CatB4"
"2316","28099_1_10","DASSIM","e_coli","CatB4"
"2334","28099_1_11","DASSIM","e_coli","CatA1"
"2335","28099_1_11","DASSIM","e_coli","CmlA1"
"2367","28099_1_18","DASSIM","e_coli","CatA1"
"2424","28099_1_26","DASSIM","e_coli","CatB4"
"2461","28099_1_30","DASSIM","e_coli","CatB4"
"2522","28099_1_38","DASSIM","e_coli","CmlA1"
"2532","28099_1_39","DASSIM","e_coli","CatA1"
"2553","28099_1_41","DASSIM","e_coli","CatA1"
"2574","28099_1_42","DASSIM","e_coli","CatB4"
"2617","28099_1_47","DASSIM","e_coli","CatA1"
"2636","28099_1_49","DASSIM","e_coli","CatB4"
"2667","28099_1_51","DASSIM","e_coli","CatB4"
"2697","28099_1_54","DASSIM","e_coli","CatB3"
"2713","28099_1_55","DASSIM","e_coli","CmlA1"
"2740","28099_1_58","DASSIM","e_coli","CatA1"
"2758","28099_1_59","DASSIM","e_coli","CatA1"
"2759","28099_1_59","DASSIM","e_coli","CatB4"
"2829","28099_1_66","DASSIM","e_coli","CatB4"
"2877","28099_1_71","DASSIM","e_coli","CatB3"
"2923","28099_1_75","DASSIM","e_coli","CatB4"
"2938","28099_1_77","DASSIM","e_coli","CatA1"
"2956","28099_1_78","DASSIM","e_coli","CatB4"
"2974","28099_1_79","DASSIM","e_coli","CatB4"
"3028","28099_1_85","DASSIM","e_coli","CatB4"
"3044","28099_1_86","DASSIM","e_coli","FloR"
"3067","28099_1_89","DASSIM","e_coli","CatB4"
"3123","28099_1_94","DASSIM","e_coli","CatA1"
"3141","28099_1_95","DASSIM","e_coli","CatB4"
"3157","28099_1_98","DASSIM","e_coli","CmlA1"
"3230","28099_1_106","DASSIM","e_coli","CatA1"
"3286","28099_1_112","DASSIM","e_coli","CatB4"
"3304","28099_1_114","DASSIM","e_coli","CatB4"
"3336","28099_1_116","DASSIM","e_coli","CatB4"
"3338","28099_1_116","DASSIM","e_coli","FloR"
"3357","28099_1_118","DASSIM","e_coli","CatB4"
"3400","28099_1_123","DASSIM","e_coli","CatB4"
"3402","28099_1_123","DASSIM","e_coli","FloR"
"3419","28099_1_125","DASSIM","e_coli","CatA1"
"3420","28099_1_125","DASSIM","e_coli","CatB4"
"3438","28099_1_127","DASSIM","e_coli","CatB4"
"3466","28099_1_129","DASSIM","e_coli","CatB4"
"3499","28099_1_132","DASSIM","e_coli","CatA2"
"3581","28099_1_141","DASSIM","e_coli","CatB4"
"3599","28099_1_143","DASSIM","e_coli","CatA1"
"3648","28099_1_148","DASSIM","e_coli","CatB4"
"3665","28099_1_149","DASSIM","e_coli","CatB4"
"3682","28099_1_151","DASSIM","e_coli","CatB4"
"3697","28099_1_152","DASSIM","e_coli","CatB4"
"3714","28099_1_153","DASSIM","e_coli","CatB4"
"3732","28099_1_155","DASSIM","e_coli","CatB4"
"3751","28099_1_156","DASSIM","e_coli","CatB4"
"3778","28099_1_159","DASSIM","e_coli","CatA1"
"3794","28099_1_160","DASSIM","e_coli","CatB4"
"3796","28099_1_160","DASSIM","e_coli","FloR"
"3826","28099_1_163","DASSIM","e_coli","CatB4"
"3844","28099_1_165","DASSIM","e_coli","CatA1"
"3845","28099_1_165","DASSIM","e_coli","CatB4"
"3877","28099_1_168","DASSIM","e_coli","CatB4"
"3895","28099_1_169","DASSIM","e_coli","CatB4"
"3911","28099_1_171","DASSIM","e_coli","CatA1"
"3912","28099_1_171","DASSIM","e_coli","CatB4"
"3930","28099_1_172","DASSIM","e_coli","CatB4"
"3959","28099_1_175","DASSIM","e_coli","CatB4"
"3990","28099_1_177","DASSIM","e_coli","CatB4"
"4018","28099_1_180","DASSIM","e_coli","CmlA1"
"4041","28099_1_181","DASSIM","e_coli","CatB4"
"4057","28099_1_185","DASSIM","e_coli","CatB4"
"4075","28099_1_187","DASSIM","e_coli","CatB4"
"4092","28099_1_188","DASSIM","e_coli","CatB4"
"4109","28099_1_189","DASSIM","e_coli","CatA1"
"4110","28099_1_189","DASSIM","e_coli","CatB4"
"4133","28099_1_192","DASSIM","e_coli","CmlA1"
"4169","28099_1_196","DASSIM","e_coli","CatB4"
"4188","28099_1_199","DASSIM","e_coli","CmlA1"
"4211","28099_1_203","DASSIM","e_coli","CatA1"
"4228","28099_1_204","DASSIM","e_coli","CatB3"
"4275","28099_1_208","DASSIM","e_coli","CatB4"
"4293","28099_1_209","DASSIM","e_coli","CatA1"
"4321","28099_1_212","DASSIM","e_coli","CmlA1"
"4342","28099_1_214","DASSIM","e_coli","CatB4"
"4361","28099_1_216","DASSIM","e_coli","CmlA1"
"4378","28099_1_217","DASSIM","e_coli","CatB4"
"4394","28099_1_218","DASSIM","e_coli","CatA1"
"4414","28099_1_220","DASSIM","e_coli","CatB4"
"4455","28099_1_224","DASSIM","e_coli","CmlA1"
"4480","28099_1_226","DASSIM","e_coli","CatA1"
"4519","28099_1_230","DASSIM","e_coli","CatA1"
"4573","28099_1_236","DASSIM","e_coli","CatA1"
"4613","28099_1_240","DASSIM","e_coli","CmlA1"
"4668","28099_1_245","DASSIM","e_coli","CatA1"
"4669","28099_1_245","DASSIM","e_coli","CatB4"
"4700","28099_1_248","DASSIM","e_coli","CatA1"
"4718","28099_1_249","DASSIM","e_coli","CatA1"
"4734","28099_1_250","DASSIM","e_coli","CatA1"
"4756","28099_1_252","DASSIM","e_coli","CatB4"
"4772","28099_1_253","DASSIM","e_coli","CatB4"
"4805","28099_1_256","DASSIM","e_coli","CatB4"
"4862","28099_1_261","DASSIM","e_coli","CatB4"
"4877","28099_1_264","DASSIM","e_coli","CatA1"
"4909","28099_1_268","DASSIM","e_coli","CatB4"
"5011","28099_1_280","DASSIM","e_coli","CatA1"
"5012","28099_1_280","DASSIM","e_coli","CatB4"
"5059","28099_1_284","DASSIM","e_coli","CmlA1"
"5075","28099_1_285","DASSIM","e_coli","CatB3"
"5102","28099_1_288","DASSIM","e_coli","CatB4"
"5163","28099_1_297","DASSIM","e_coli","CatA1"
"5164","28099_1_297","DASSIM","e_coli","CatB4"
"5179","28099_1_300","DASSIM","e_coli","CatB4"
"5209","28099_1_302","DASSIM","e_coli","CatA1"
"5225","28099_1_303","DASSIM","e_coli","CatA1"
"5302","28099_1_311","DASSIM","e_coli","CatB4"
"5332","28099_1_314","DASSIM","e_coli","CatB4"
"5349","28099_1_315","DASSIM","e_coli","CatA1"
"5366","28099_1_317","DASSIM","e_coli","CatA1"
"5385","28099_1_318","DASSIM","e_coli","CatB4"
"5403","28099_1_319","DASSIM","e_coli","CatB4"
"5446","28099_1_323","DASSIM","e_coli","CatA1"
"5447","28099_1_323","DASSIM","e_coli","CatB4"
"5463","28099_1_325","DASSIM","e_coli","CatA1"
"5464","28099_1_325","DASSIM","e_coli","CatB4"
"5483","28099_1_326","DASSIM","e_coli","CatB4"
"5502","28099_1_327","DASSIM","e_coli","CatB4"
"5523","28099_1_329","DASSIM","e_coli","CatA1"
"5524","28099_1_329","DASSIM","e_coli","CatB4"
"5544","28099_1_330","DASSIM","e_coli","CatA1"
"5560","28099_1_331","DASSIM","e_coli","CatB4"
"5562","28099_1_331","DASSIM","e_coli","FloR"
"5592","28099_1_334","DASSIM","e_coli","CatB4"
"5628","28099_1_337","DASSIM","e_coli","CatB4"
"5648","28099_1_338","DASSIM","e_coli","CatB4"
"5664","28099_1_339","DASSIM","e_coli","CatA1"
"5680","28099_1_341","DASSIM","e_coli","CatB4"
"5706","28099_1_343","DASSIM","e_coli","CatA1"
"5733","28099_1_346","DASSIM","e_coli","CatA1"
"5753","28099_1_347","DASSIM","e_coli","CatA1"
"5754","28099_1_347","DASSIM","e_coli","CatB4"
"5785","28099_1_350","DASSIM","e_coli","CatA1"
"5786","28099_1_350","DASSIM","e_coli","CatB4"
"5843","28099_1_355","DASSIM","e_coli","CatA1"
"5856","28099_1_357","DASSIM","e_coli","CatB4"
"5883","28099_1_359","DASSIM","e_coli","CatA1"
"5914","28099_1_362","DASSIM","e_coli","CatA1"
"5957","28099_1_366","DASSIM","e_coli","CatB4"
"5974","28099_1_367","DASSIM","e_coli","CatB4"
"6057","28099_1_377","DASSIM","e_coli","CatB4"
"6075","28099_1_378","DASSIM","e_coli","CatB4"
"6094","28099_1_379","DASSIM","e_coli","CatA1"
"6095","28099_1_379","DASSIM","e_coli","CatB4"
"6153","28099_2_3","DASSIM","e_coli","CmlA1"
"6217","28099_2_32","DASSIM","e_coli","CmlA1"
"6228","28099_2_36","DASSIM","e_coli","CmlA1"
"6271","28099_2_48","DASSIM","e_coli","CatA1"
"6315","28099_2_64","DASSIM","e_coli","CmlA1"
"6331","28099_2_76","DASSIM","e_coli","CatB4"
"6359","28099_2_84","DASSIM","e_coli","CatA1"
"6374","28099_2_88","DASSIM","e_coli","CatA1"
"6400","28099_2_96","DASSIM","e_coli","CatB4"
"6418","28099_2_97","DASSIM","e_coli","CatB4"
"6434","28099_2_101","DASSIM","e_coli","CatB4"
"6452","28099_2_105","DASSIM","e_coli","CatB4"
"6484","28099_2_113","DASSIM","e_coli","CatB4"
"6500","28099_2_117","DASSIM","e_coli","CatB4"
"6517","28099_2_121","DASSIM","e_coli","CatA1"
"6518","28099_2_121","DASSIM","e_coli","CatB4"
"6562","28099_2_138","DASSIM","e_coli","CatB4"
"6615","28099_2_154","DASSIM","e_coli","CatB4"
"6641","28099_2_162","DASSIM","e_coli","CatA1"
"6655","28099_2_166","DASSIM","e_coli","CatA1"
"6722","28099_2_186","DASSIM","e_coli","CmlA1"
"6732","28099_2_190","DASSIM","e_coli","CatA1"
"6733","28099_2_190","DASSIM","e_coli","CatB3"
"6772","28099_2_206","DASSIM","e_coli","CatB4"
"6837","28099_2_223","DASSIM","e_coli","CatB3"
"6838","28099_2_223","DASSIM","e_coli","CmlA1"
"6888","28099_2_239","DASSIM","e_coli","CatB4"
"6933","28099_2_251","DASSIM","e_coli","CatA1"
"6971","28099_2_259","DASSIM","e_coli","CatA1"
"6986","28099_2_263","DASSIM","e_coli","CatB4"
"6988","28099_2_263","DASSIM","e_coli","FloR"
"7003","28099_2_283","DASSIM","e_coli","CatA1"
"7057","28099_2_295","DASSIM","e_coli","CatB4"
"7074","28099_2_299","DASSIM","e_coli","CmlA1"
"7090","28099_2_304","DASSIM","e_coli","CatA1"
"7118","28099_2_316","DASSIM","e_coli","CatB4"
"7135","28099_2_320","DASSIM","e_coli","CatB4"
"7149","15966_8_34","musicha","e_coli","CatA1"
"7177","15966_8_35","musicha","e_coli","CatA1"
"7208","15966_8_41","musicha","e_coli","CatA1"
"7220","16228_1_42","musicha","e_coli","CatA1"
"7243","15966_8_4","musicha","e_coli","CatA1"
"7256","15966_8_33","musicha","e_coli","CatA1"
"7280","15966_8_52","musicha","e_coli","CatA1"
"7302","15966_8_58","musicha","e_coli","CatA1"
"7349","15966_8_22","musicha","e_coli","CatA1"
"7361","15966_8_64","musicha","e_coli","CatA1"
"7377","15966_8_68","musicha","e_coli","CatA1"
"7394","15966_8_71","musicha","e_coli","CatA1"
"7395","15966_8_71","musicha","e_coli","CatB3"
"7413","15966_8_75","musicha","e_coli","CatA1"
"7432","15966_8_77","musicha","e_coli","CatA1"
"7445","15966_8_10","musicha","e_coli","CatA1"
"7466","15966_8_43","musicha","e_coli","CatA1"
"7477","15966_8_62","musicha","e_coli","CatA1"
"7486","15966_8_55","musicha","e_coli","CatA1"
"7495","15966_8_56","musicha","e_coli","CatA1"
"7507","15966_8_61","musicha","e_coli","CatA1"
"7518","16228_1_16","musicha","e_coli","CatA1"
"7529","15966_8_2","musicha","e_coli","CatA1"
"7531","15966_8_2","musicha","e_coli","FloR"
"7563","16228_1_24","musicha","e_coli","CatA1"
"7581","15966_8_30","musicha","e_coli","CatA1"
"7593","15966_8_37","musicha","e_coli","CatA1"
"7606","16228_1_20","musicha","e_coli","CatA1"
"7608","16228_1_20","musicha","e_coli","FloR"
"7630","15966_8_46","musicha","e_coli","CatA1"
"7641","15966_8_47","musicha","e_coli","CatA1"
"7652","16228_1_17","musicha","e_coli","CatA1"
"7675","15966_8_39","musicha","e_coli","CatA1"
"7698","15966_8_49","musicha","e_coli","CatA1"
"7717","15966_8_59","musicha","e_coli","CatA1"
"7741","15966_8_76","musicha","e_coli","CatA1"
"7742","15966_8_76","musicha","e_coli","CatA2"
"7766","15966_8_1","musicha","e_coli","CatA1"
"7783","15966_8_16","musicha","e_coli","CatA1"
"7799","15966_8_66","musicha","e_coli","CatA1"
"7800","15966_8_66","musicha","e_coli","CatA2"
"7820","15966_8_69","musicha","e_coli","CatA1"
"7834","15966_8_11","musicha","e_coli","CatA1"
"7847","15966_8_70","musicha","e_coli","CatA1"
"7872","16228_1_43","musicha","e_coli","CatA1"
"7900","15966_8_82","musicha","e_coli","CatA1"
"7915","15966_8_84","musicha","e_coli","CatA1"
"7930","16228_1_22","musicha","e_coli","CatA1"
"7945","16228_1_44","musicha","e_coli","CatA1"
"7946","16228_1_44","musicha","e_coli","CatA2"
"7972","15966_8_5","musicha","e_coli","CatA1"
"7987","15966_8_79","musicha","e_coli","CatA1"
"7988","15966_8_79","musicha","e_coli","CatB4"
"8030","15966_8_17","musicha","e_coli","CatA1"
"8051","15966_8_6","musicha","e_coli","CatA1"
"8084","15966_8_65","musicha","e_coli","CatA1"
"8085","15966_8_65","musicha","e_coli","CatB3"
"8112","16228_1_47","musicha","e_coli","CatA2"
"8133","15966_8_63","musicha","e_coli","CatA1"
"8151","15966_8_67","musicha","e_coli","CatA1"
"8185","15966_8_81","musicha","e_coli","CatA1"
"8203","15966_8_85","musicha","e_coli","CatA1"
"8239","15966_8_72","musicha","e_coli","CatA1"
"8241","15966_8_72","musicha","e_coli","CmlA5"
"8259","16228_1_41","musicha","e_coli","CatA1"
"8272","15966_8_28","musicha","e_coli","CatA1"
"8285","15966_8_29","musicha","e_coli","CatA1"
"8297","15966_8_32","musicha","e_coli","CatA1"
"8311","15966_8_78","musicha","e_coli","CatA1"
"8313","15966_8_78","musicha","e_coli","FloR"
"8325","15966_8_25","musicha","e_coli","CatA1"
"8335","15966_8_42","musicha","e_coli","CatA1"
"8347","15966_8_45","musicha","e_coli","CatA1"
"8391","15966_8_57","musciha","KpSC","CatA1"
"8420","15966_8_87","musciha","KpSC","CatA1"
"8435","15966_8_91","musciha","KpSC","CatA2"
"8451","15966_8_95","musciha","KpSC","CatA2"
"8465","15966_8_95","musciha","KpSC","CmlA5"
"8471","16228_1_11","musciha","KpSC","CatA2"
"8489","16228_1_13","musciha","KpSC","CatA1"
"8501","16228_1_14","musciha","KpSC","CatA1"
"8504","16228_1_15","musciha","KpSC","CatA2"
"8529","16228_1_18","musciha","KpSC","FloR"
"8531","16228_1_19","musciha","KpSC","CatA2"
"8554","16228_1_2","musciha","KpSC","FloR"
"8564","16228_1_21","musciha","KpSC","CatA1"
"8570","16228_1_23","musciha","KpSC","CatA2"
"8577","16228_1_23","musciha","KpSC","CatA1"
"8585","16228_1_26","musciha","KpSC","CatA2"
"8597","16228_1_26","musciha","KpSC","CatA1"
"8630","16228_1_29","musciha","KpSC","CatA1"
"8633","16228_1_3","musciha","KpSC","CatA2"
"8643","16228_1_30","musciha","KpSC","CatA2"
"8655","16228_1_31","musciha","KpSC","CatA2"
"8661","16228_1_31","musciha","KpSC","CatA1"
"8667","16228_1_32","musciha","KpSC","CatA2"
"8681","16228_1_34","musciha","KpSC","CatA2"
"8691","16228_1_34","musciha","KpSC","CatA1"
"8702","16228_1_36","musciha","KpSC","CatA2"
"8718","16228_1_38","musciha","KpSC","CatA2"
"8733","16228_1_39","musciha","KpSC","CatA2"
"8739","16228_1_39","musciha","KpSC","CatA1"
"8750","16228_1_40","musciha","KpSC","CatA2"
"8765","16228_1_47","musciha","KpSC","CatA2"
"8788","16228_1_5","musciha","KpSC","CatA2"
"8801","16228_1_5","musciha","KpSC","CmlA5"
"8808","16228_1_50","musciha","KpSC","CatA2"
"8818","16228_1_51","musciha","KpSC","CatA2"
"8838","16228_1_52","musciha","KpSC","CatA1"
"8843","16228_1_53","musciha","KpSC","CatA2"
"8869","16228_1_56","musciha","KpSC","CatA1"
"8875","16228_1_57","musciha","KpSC","CatA2"
"8889","16228_1_58","musciha","KpSC","CatA2"
"8913","16228_1_59","musciha","KpSC","FloR"
"8917","16228_1_6","musciha","KpSC","CatA2"
"8936","16228_1_61","musciha","KpSC","CatA2"
"8947","16228_1_63","musciha","KpSC","CatA2"
"8967","16228_1_64","musciha","KpSC","CatA1"
"8978","16228_1_65","musciha","KpSC","CatA1"
"8984","16228_1_66","musciha","KpSC","CatA2"
"8996","16228_1_67","musciha","KpSC","CatA2"
"9008","16228_1_68","musciha","KpSC","CatA2"
"9021","16228_1_69","musciha","KpSC","CatA2"
"9048","16228_1_70","musciha","KpSC","CatA1"
"9061","16228_1_71","musciha","KpSC","CatA1"
"9066","16228_1_72","musciha","KpSC","CatA2"
"9080","16228_1_73","musciha","KpSC","CatA2"
"9102","16228_1_75","musciha","KpSC","CatA2"
"9120","16228_1_76","musciha","KpSC","CatA2"
"9137","16228_1_77","musciha","KpSC","CatA1"
"9142","16228_1_78","musciha","KpSC","CatA2"
"9156","16228_1_79","musciha","KpSC","CatA2"
"9167","16228_1_79","musciha","KpSC","CmlA5"
"9176","16228_1_8","musciha","KpSC","CatA2"
"9195","16228_1_80","musciha","KpSC","CmlA5"
"9197","16228_1_80","musciha","KpSC","FloR"
"9204","16228_1_81","musciha","KpSC","CatA2"
"9214","16228_1_81","musciha","KpSC","CatA1"
"9229","16228_1_83","musciha","KpSC","CatA2"
"9241","16228_1_83","musciha","KpSC","CmlA5"
"9243","16228_1_83","musciha","KpSC","FloR"
"9249","16228_1_84","musciha","KpSC","CatA2"
"9257","16228_1_84","musciha","KpSC","CatA1"
"9263","16228_1_85","musciha","KpSC","CatA2"
"9273","16228_1_85","musciha","KpSC","CatA1"
"9279","16228_1_85","musciha","KpSC","CmlA5"
"9284","16228_1_9","musciha","KpSC","CatA2"
"9297","34154_7_10","DASSIM","KpSC","CatA2"
"9298","34154_7_10","DASSIM","KpSC","CmlA5"
"9313","34154_7_100","DASSIM","KpSC","CatA2"
"9314","34154_7_100","DASSIM","KpSC","CatB4"
"9315","34154_7_100","DASSIM","KpSC","CmlA5"
"9333","34154_7_102","DASSIM","KpSC","CatA2"
"9334","34154_7_102","DASSIM","KpSC","CmlA5"
"9362","34154_7_104","DASSIM","KpSC","CatA1"
"9363","34154_7_104","DASSIM","KpSC","CatB4"
"9377","34154_7_105","DASSIM","KpSC","CatA2"
"9390","34154_7_106","DASSIM","KpSC","CatA2"
"9391","34154_7_106","DASSIM","KpSC","CatB4"
"9392","34154_7_106","DASSIM","KpSC","CmlA5"
"9409","34154_7_108","DASSIM","KpSC","CatA2"
"9423","34154_7_11","DASSIM","KpSC","CatA2"
"9435","34154_7_110","DASSIM","KpSC","CatA2"
"9436","34154_7_110","DASSIM","KpSC","CmlA5"
"9449","34154_7_112","DASSIM","KpSC","CatB4"
"9475","34154_7_118","DASSIM","KpSC","CatA2"
"9485","34154_7_119","DASSIM","KpSC","CatA1"
"9500","34154_7_12","DASSIM","KpSC","CatA2"
"9501","34154_7_12","DASSIM","KpSC","CmlA5"
"9516","34154_7_122","DASSIM","KpSC","CatA2"
"9534","34154_7_123","DASSIM","KpSC","CatA2"
"9535","34154_7_123","DASSIM","KpSC","CmlA5"
"9563","34154_7_13","DASSIM","KpSC","CatA2"
"9564","34154_7_13","DASSIM","KpSC","CatB4"
"9584","34154_7_130","DASSIM","KpSC","CatA1"
"9585","34154_7_130","DASSIM","KpSC","CatB4"
"9604","34154_7_131","DASSIM","KpSC","CatB4"
"9635","34154_7_136","DASSIM","KpSC","CatA1"
"9636","34154_7_136","DASSIM","KpSC","CatB4"
"9657","34154_7_138","DASSIM","KpSC","CatA1"
"9658","34154_7_138","DASSIM","KpSC","CatB4"
"9697","34154_7_142","DASSIM","KpSC","CatB4"
"9712","34154_7_144","DASSIM","KpSC","CatB4"
"9740","34154_7_148","DASSIM","KpSC","CatB4"
"9755","34154_7_150","DASSIM","KpSC","CatB4"
"9773","34154_7_152","DASSIM","KpSC","CatA2"
"9793","34154_7_153","DASSIM","KpSC","CatA2"
"9794","34154_7_153","DASSIM","KpSC","CatB4"
"9809","34154_7_155","DASSIM","KpSC","CatA1"
"9824","34154_7_158","DASSIM","KpSC","CatB4"
"9853","34154_7_160","DASSIM","KpSC","CatB4"
"9876","34154_7_164","DASSIM","KpSC","CatB4"
"9896","34154_7_166","DASSIM","KpSC","CatA2"
"9897","34154_7_166","DASSIM","KpSC","CmlA5"
"9910","34154_7_168","DASSIM","KpSC","CatA2"
"9930","34154_7_174","DASSIM","KpSC","CatB4"
"9946","34154_7_176","DASSIM","KpSC","CatA2"
"9947","34154_7_176","DASSIM","KpSC","CatB4"
"9967","34154_7_178","DASSIM","KpSC","CatA2"
"9986","34154_7_179","DASSIM","KpSC","CatB4"
"10003","34154_7_18","DASSIM","KpSC","CatB4"
"10017","34154_7_183","DASSIM","KpSC","CatA2"
"10034","34154_7_184","DASSIM","KpSC","CatB4"
"10049","34154_7_185","DASSIM","KpSC","CatB4"
"10063","34154_7_189","DASSIM","KpSC","CatB4"
"10080","34154_7_19","DASSIM","KpSC","CatB4"
"10108","34154_7_194","DASSIM","KpSC","CatA1"
"10109","34154_7_194","DASSIM","KpSC","CatB4"
"10124","34154_7_197","DASSIM","KpSC","CatB4"
"10151","34154_7_20","DASSIM","KpSC","CatA1"
"10152","34154_7_20","DASSIM","KpSC","CatB4"
"10171","34154_7_202","DASSIM","KpSC","CatB4"
"10186","34154_7_204","DASSIM","KpSC","CatB4"
"10199","34154_7_205","DASSIM","KpSC","CatA1"
"10200","34154_7_205","DASSIM","KpSC","CatA2"
"10214","34154_7_207","DASSIM","KpSC","CatB4"
"10246","34154_7_212","DASSIM","KpSC","CatA2"
"10270","34154_7_216","DASSIM","KpSC","CatB4"
"10285","34154_7_218","DASSIM","KpSC","CatB4"
"10300","34154_7_219","DASSIM","KpSC","CatA2"
"10315","34154_7_22","DASSIM","KpSC","CatA1"
"10316","34154_7_22","DASSIM","KpSC","CatB4"
"10369","34154_7_227","DASSIM","KpSC","CatB4"
"10410","34154_7_232","DASSIM","KpSC","CatA1"
"10422","34154_7_234","DASSIM","KpSC","CatB4"
"10439","34154_7_235","DASSIM","KpSC","CatA2"
"10440","34154_7_235","DASSIM","KpSC","CmlA5"
"10460","34154_7_239","DASSIM","KpSC","CatA1"
"10461","34154_7_239","DASSIM","KpSC","CatB4"
"10479","34154_7_24","DASSIM","KpSC","CatA2"
"10493","34154_7_240","DASSIM","KpSC","CatA2"
"10494","34154_7_240","DASSIM","KpSC","CmlA5"
"10512","34154_7_242","DASSIM","KpSC","CatA1"
"10513","34154_7_242","DASSIM","KpSC","CatB4"
"10541","34154_7_248","DASSIM","KpSC","CatA2"
"10582","34154_7_252","DASSIM","KpSC","CatB4"
"10599","34154_7_254","DASSIM","KpSC","CatB4"
"10612","34154_7_255","DASSIM","KpSC","CatB4"
"10626","34154_7_259","DASSIM","KpSC","CatA1"
"10627","34154_7_259","DASSIM","KpSC","CatB4"
"10628","34154_7_259","DASSIM","KpSC","CmlA5"
"10643","34154_7_26","DASSIM","KpSC","CatB4"
"10674","34154_7_262","DASSIM","KpSC","CatB4"
"10692","34154_7_263","DASSIM","KpSC","CatB4"
"10721","34154_7_268","DASSIM","KpSC","CatB4"
"10738","34154_7_269","DASSIM","KpSC","CatA2"
"10754","34154_7_27","DASSIM","KpSC","CatA2"
"10768","34154_7_271","DASSIM","KpSC","CatB4"
"10783","34154_7_274","DASSIM","KpSC","CatA1"
"10800","34154_7_276","DASSIM","KpSC","CatB4"
"10829","34154_7_279","DASSIM","KpSC","CatB4"
"10844","34154_7_281","DASSIM","KpSC","CatA1"
"10861","34154_7_283","DASSIM","KpSC","CatB4"
"10886","34154_7_289","DASSIM","KpSC","CatB4"
"10900","34154_7_291","DASSIM","KpSC","CatA2"
"10911","34154_7_294","DASSIM","KpSC","CatB4"
"10926","34154_7_296","DASSIM","KpSC","CatB4"
"10953","34154_7_299","DASSIM","KpSC","CatB4"
"10969","34154_7_3","DASSIM","KpSC","CatA2"
"10970","34154_7_3","DASSIM","KpSC","CatB4"
"10987","34154_7_30","DASSIM","KpSC","CatA2"
"10998","34154_7_303","DASSIM","KpSC","CatB4"
"11012","34154_7_304","DASSIM","KpSC","CatB4"
"11037","34154_7_307","DASSIM","KpSC","CatB4"
"11084","34154_7_313","DASSIM","KpSC","CatA2"
"11085","34154_7_313","DASSIM","KpSC","CatB4"
"11086","34154_7_313","DASSIM","KpSC","CmlA5"
"11109","34154_7_316","DASSIM","KpSC","CatA2"
"11138","34154_7_318","DASSIM","KpSC","CatA1"
"11139","34154_7_318","DASSIM","KpSC","CatB4"
"11158","34154_7_32","DASSIM","KpSC","CatB4"
"11170","34154_7_322","DASSIM","KpSC","CatA1"
"11195","34154_7_324","DASSIM","KpSC","CatA2"
"11211","34154_7_325","DASSIM","KpSC","CatA2"
"11225","34154_7_33","DASSIM","KpSC","CatB4"
"11239","34154_7_330","DASSIM","KpSC","CatA2"
"11264","34154_7_332","DASSIM","KpSC","CatB4"
"11280","34154_7_333","DASSIM","KpSC","CatB4"
"11300","34154_7_338","DASSIM","KpSC","CatA2"
"11301","34154_7_338","DASSIM","KpSC","CmlA5"
"11328","34154_7_340","DASSIM","KpSC","CatA2"
"11353","34154_7_344","DASSIM","KpSC","CatB4"
"11386","34154_7_351","DASSIM","KpSC","CatB4"
"11420","34154_7_359","DASSIM","KpSC","CatA2"
"11433","34154_7_36","DASSIM","KpSC","CatB4"
"11448","34154_7_360","DASSIM","KpSC","CatB4"
"11475","34154_7_366","DASSIM","KpSC","CatA1"
"11502","34154_7_368","DASSIM","KpSC","CatA2"
"11519","34154_7_369","DASSIM","KpSC","CatA2"
"11534","34154_7_374","DASSIM","KpSC","CatB4"
"11556","34154_7_376","DASSIM","KpSC","CatA2"
"11566","34154_7_378","DASSIM","KpSC","CatB4"
"11601","34154_7_380","DASSIM","KpSC","CatB4"
"11614","34154_7_39","DASSIM","KpSC","CatB4"
"11628","34154_7_4","DASSIM","KpSC","CatA2"
"11639","34154_7_40","DASSIM","KpSC","CatB4"
"11666","34154_7_42","DASSIM","KpSC","CatA2"
"11694","34154_7_46","DASSIM","KpSC","CatB4"
"11711","34154_7_47","DASSIM","KpSC","CatA2"
"11739","34154_7_49","DASSIM","KpSC","CatA2"
"11753","34154_7_5","DASSIM","KpSC","CatB4"
"11766","34154_7_50","DASSIM","KpSC","CatA2"
"11778","34154_7_52","DASSIM","KpSC","CatA1"
"11837","34154_7_58","DASSIM","KpSC","CatB4"
"11853","34154_7_59","DASSIM","KpSC","CatA2"
"11891","34154_7_62","DASSIM","KpSC","CatB4"
"11929","34154_7_69","DASSIM","KpSC","CatB4"
"11957","34154_7_74","DASSIM","KpSC","CmlA5"
"11987","34154_7_76","DASSIM","KpSC","CatB4"
"12001","34154_7_77","DASSIM","KpSC","CatA2"
"12023","34154_7_8","DASSIM","KpSC","CatA2"
"12024","34154_7_8","DASSIM","KpSC","CatB4"
"12043","34154_7_80","DASSIM","KpSC","CatA2"
"12058","34154_7_83","DASSIM","KpSC","CatA2"
"12070","34154_7_84","DASSIM","KpSC","CatA2"
"12071","34154_7_84","DASSIM","KpSC","CmlA5"
"12085","34154_7_86","DASSIM","KpSC","CatA2"
"12099","34154_7_87","DASSIM","KpSC","CatB4"
"12131","34154_7_90","DASSIM","KpSC","CatA2"
"12154","34154_7_94","DASSIM","KpSC","CatB4"
"12189","34154_7_97","DASSIM","KpSC","CatB4"
